name,url,username,password,note
1hd.to,https://1hd.to/home,Chris,xNp@Q!cm5L@47L.,
1hd.to,https://1hd.to/home,chrisisaiah616@gmail.com,xNp@Q!cm5L@47L.,
9anime.gs,https://9anime.gs/home,chrisisaiah_120,chrisiscool1011,
9anime.to,https://9anime.to/user/reset-password/00970c02139bf01b70fd2a0818be682e2fa50226f12d608144a98fbb19c7f2be,chrisisaiah616@gmail.com,chrisiscool1010,
9anime.vc,https://9anime.vc/,chrisisaiah616@gmail.com ,chrisiscool1012,
9anime.vc,https://9anime.vc/home,christopher,chrisiscool1012,
9animetv.to,https://9animetv.to/,,54e$$ZLfdwVS/c_,
9animetv.to,https://9animetv.to/home,,.c2V@cN7_9K./g5,
9animetv.to,https://9animetv.to/home,Chris,/WvurQNs@g7mMuC,
Airbnb,android://d83QBGRN5FhBqrie9nkVRQKFh_dZMVLeZcFA1YCOzX8r-4cr6BOfWRGV8XWnLIiUXQ7BuoC8P5hm1_XMRec8AQ==@com.airbnb.android/,chrisisaiah616@gmail.com,oBl-2tznXZ271tN,
Crunchyroll: Anime Streaming,android://P91LaNcG-EdMPGytLfXgM7e4wvZh7SVry7sYIgNucBYtiLrkt8GblUBqelstMIzPE1Ijmni_nVKEy0xthm9jiw==@com.crunchyroll.crunchyroid/,chrisisaiah616@email.com,password123m-,
Crunchyroll: Anime Streaming,android://P91LaNcG-EdMPGytLfXgM7e4wvZh7SVry7sYIgNucBYtiLrkt8GblUBqelstMIzPE1Ijmni_nVKEy0xthm9jiw==@com.crunchyroll.crunchyroid/,chrisisaiah616@gmail.com,password123m-,
Crunchyroll: Anime Streaming,android://P91LaNcG-EdMPGytLfXgM7e4wvZh7SVry7sYIgNucBYtiLrkt8GblUBqelstMIzPE1Ijmni_nVKEy0xthm9jiw==@com.crunchyroll.crunchyroid/,theademan101006@gmail.com,Jaybug2606,
"Discord - Talk, Play, Hang Out",android://BnX9M66KmaqmzgqWgQxmbrJB_wO0ST53-DUZCnxDdLwf4JAsUtM2kKGudjeBclJFUquAP2JTpypk9qobA6PGMA==@com.discord/,+17403048784,wedteq-sucgy8-Gibwoc,
"Discord - Talk, Play, Hang Out",android://BnX9M66KmaqmzgqWgQxmbrJB_wO0ST53-DUZCnxDdLwf4JAsUtM2kKGudjeBclJFUquAP2JTpypk9qobA6PGMA==@com.discord/,Chris1016,11151three,
"Discord - Talk, Play, Hang Out",android://BnX9M66KmaqmzgqWgQxmbrJB_wO0ST53-DUZCnxDdLwf4JAsUtM2kKGudjeBclJFUquAP2JTpypk9qobA6PGMA==@com.discord/,chrisibailey,passwordsareok,
"Discord - Talk, Play, Hang Out",android://BnX9M66KmaqmzgqWgQxmbrJB_wO0ST53-DUZCnxDdLwf4JAsUtM2kKGudjeBclJFUquAP2JTpypk9qobA6PGMA==@com.discord/,chrisisaiah120,chrisisalive,
"Discord - Talk, Play, Hang Out",android://BnX9M66KmaqmzgqWgQxmbrJB_wO0ST53-DUZCnxDdLwf4JAsUtM2kKGudjeBclJFUquAP2JTpypk9qobA6PGMA==@com.discord/,chrisisaiah616@email.com,password12345m-,
"Discord - Talk, Play, Hang Out",android://BnX9M66KmaqmzgqWgQxmbrJB_wO0ST53-DUZCnxDdLwf4JAsUtM2kKGudjeBclJFUquAP2JTpypk9qobA6PGMA==@com.discord/,chrisisaiah_120,password12345m-,
Disney+,android://0mxF7gRbL1Erv-6PlnR82jAP6lGaonT58okn_6fDdiqJuSFgX4aVoIyNFwhPQzm2smYltWO3qwuGjil466nBIQ==@com.disney.disneyplus/,deanna196774@gmail.com,Whitegrammy10,
DownloaderTablet.air.vudu.com.air,android://6fbg0hpbEbioJ-4y4MsJ9QAtQpXWaxQoM90cckOU7lFcEGkdKnx_22cR4g6dRKVRy4bnu-_WiGZW9mNkbEtLGg==@air.com.vudu.air.DownloaderTablet/,chrisisaiah616@gmail.com,Chrisiscool1011,
Facebook,android://zQxb6hXv1MJiC1Yyotdhi8HP-y7fwPcOLwPOWTwWKpP2VXcbsuIiI4iJ1KV0Dz3LzVsUuKJmYCBIUAxnsPB9FA==@com.facebook.katana/,chrisisaiah616@gmail.com,Imtheone_dude11,
GenshinImpact.miHoYo.com,android://GcLPKnU_lhWj9AD67-NuaLuJhFo6BA6rFh0jI_q75ZusHi5XM1aQGkuRfUrSDM9brusLTk7J12YUcChGUs_6yA==@com.miHoYo.GenshinImpact/,chrisisaiah616@gmail.com,chrisisalive1013,
Instagram,android://qbMQCZh-CU_SBn04UFat_bLMSicoFKWYI0MzXmOdBklD5gJcvH42kD8GXA5lvZmtq1ON0Dd8FAT6SLUIlwNUqA==@com.instagram.android/,AreYouTheorious,kn4@$Ml$KGz!lmo,
Instagram,android://qbMQCZh-CU_SBn04UFat_bLMSicoFKWYI0MzXmOdBklD5gJcvH42kD8GXA5lvZmtq1ON0Dd8FAT6SLUIlwNUqA==@com.instagram.android/,chrisdraws2025,ImDrawing132,
Instagram,android://qbMQCZh-CU_SBn04UFat_bLMSicoFKWYI0MzXmOdBklD5gJcvH42kD8GXA5lvZmtq1ON0Dd8FAT6SLUIlwNUqA==@com.instagram.android/,chrisisaiah_120,chrisiscool1011,
Instagram,android://qbMQCZh-CU_SBn04UFat_bLMSicoFKWYI0MzXmOdBklD5gJcvH42kD8GXA5lvZmtq1ON0Dd8FAT6SLUIlwNUqA==@com.instagram.android/,chrispygames1,rfU1RMjlMPK7-2p,
Instagram,android://qbMQCZh-CU_SBn04UFat_bLMSicoFKWYI0MzXmOdBklD5gJcvH42kD8GXA5lvZmtq1ON0Dd8FAT6SLUIlwNUqA==@com.instagram.android/,jabrobson11,kHrJX$e7s3$OUDd,
Netflix,android://Jzj5T2E45Hb33D-lk-EHZVCrb7a064dEicTwrTYQYGXO99JqE2YERhbMP1qLogwJiy87OsBzC09Gk094Z-U_hg==@com.netflix.mediaclient/,teresahope31@gmail.com,100472.Tlbb,
Peacock TV: Stream TV & Movies,android://7jf7zQwJH6Uo4g7y2vywxNgurbzfBjoFcs-c8fNtvSDL61TwlxfO-R1e0pwkL6a57qhBXpsBN7zZFiJTZH6ECA==@com.peacocktv.peacockandroid/,bafflec71@gmail.com,bobiscool1012,
Peacock TV: Stream TV & Movies,android://7jf7zQwJH6Uo4g7y2vywxNgurbzfBjoFcs-c8fNtvSDL61TwlxfO-R1e0pwkL6a57qhBXpsBN7zZFiJTZH6ECA==@com.peacocktv.peacockandroid/,chrisisaiah616@gmail.com,chrsiscool1011,
Pinterest,android://kCyQDzpaoAX2gs-1zdGPKNAeICb8LzRFOxa4NCq0jO8c8d_NFS_q-Y35bU3Nq3GmFV2lLurmNvIZa6YPYZwmWg==@com.pinterest/,chrisisaiah616@gmail.com,,
Reddit,android://ZQ55YqxHQIopMmkmSTqM9aEo-Te_3coMxWGFooYH8eEIbzN20y59fh7bnrCiMynmMAvDanWZqFTwouJF2yA1Ng==@com.reddit.frontpage/,chrisibailey101,12345678910,
Roblox,android://RGlUtI9NY0ps7eW1mdYoROkaZ3iIqThRr1OIJOwe5lqdRX93aUt2TxUUz13PLlTFN5B1C0mMDPyM4BsBic8Fmg==@com.roblox.client/,chrisbailey123456,chrisiscool1011,
Roblox,android://RGlUtI9NY0ps7eW1mdYoROkaZ3iIqThRr1OIJOwe5lqdRX93aUt2TxUUz13PLlTFN5B1C0mMDPyM4BsBic8Fmg==@com.roblox.client/,chrisssbob,chrisishere20206,
Snapchat,android://rx1M7HNclOtlTbka8IqBM_RA-PPzS-htzHtHBJQcOM2oNQSOsZxZF1j1MPteckITXrJ7xKh6mEC2HmKZpBwBrg==@com.snapchat.android/,chrisisaiah_120,12345passwordm,
Snapchat,android://rx1M7HNclOtlTbka8IqBM_RA-PPzS-htzHtHBJQcOM2oNQSOsZxZF1j1MPteckITXrJ7xKh6mEC2HmKZpBwBrg==@com.snapchat.android/,chrisisaiah_120 ,ZcKja5Z_tD_sP$F,
Snapchat,android://rx1M7HNclOtlTbka8IqBM_RA-PPzS-htzHtHBJQcOM2oNQSOsZxZF1j1MPteckITXrJ7xKh6mEC2HmKZpBwBrg==@com.snapchat.android/,davis_749,Baseball200401,
Spotify: Music and Podcasts,android://79xEc7TXh3cNp5rV9kci8i6AYyfPq8BmRomGIiNpLtXCAx3qy5RICnOQLbMJaQ1UNGV_N7sSK1dLpTmEZQ8csg==@com.spotify.music/,chrisisaiah616@gmail.com,"n=HQ/&(2dM7,(aZ",
"TikTok - Videos, Shop & LIVE",android://47sqH1qEyjrAcj2FQUUPF61XgATkyACO2snkTDz7RZ3THGKlRZ6L78Lu02Vgi6N4N-NbC2GYrMWLxlTNEe0vAQ==@com.zhiliaoapp.musically/,AreYouTheorious,AKnK9I!Lw6xj1WZ,
"TikTok - Videos, Shop & LIVE",android://47sqH1qEyjrAcj2FQUUPF61XgATkyACO2snkTDz7RZ3THGKlRZ6L78Lu02Vgi6N4N-NbC2GYrMWLxlTNEe0vAQ==@com.zhiliaoapp.musically/,boooobyiii71@gmail.com,Chrisig_10,
Twitch: Live Streaming,android://dKranQB7c5H2WKHJF5rygyRh5-vrf7ZVODNX_XoJgJ5YncxgwK7vbH1kZrYCLmv68MEawe5nFA-sfKQk9mrbFQ==@tv.twitch.android.app/,christopher10155,Chrisis_here_1012,
Wattpad - Read & Write Stories,android://YevItDWE_sxqpOZYqm1Ics63k0Glc6Z2YT636m6cJZ9ObJxmJN3vW-vAQk3YYLK8hT4o7raRfFW4bePOnmN7lw==@wp.wattpad/,chrisisaiah616@gmail.com,Chrisiscool_1013,
X,android://u0A-O7Ivuokjnqmf1ciagyiwkxqsLSrXA9ZzyIb4yGEVu5tPRfhJbn8REHGmDAUkUCGf71TqwUcwSfwFObRssA==@com.twitter.android/,ChrispyGamess,fGQ1yhvmGT-2_Mu,
X,android://u0A-O7Ivuokjnqmf1ciagyiwkxqsLSrXA9ZzyIb4yGEVu5tPRfhJbn8REHGmDAUkUCGf71TqwUcwSfwFObRssA==@com.twitter.android/,chris95591440,Y3O5nA_4gDWyOnk,
account.battle.net,https://account.battle.net/creation/flow/creation-full,,chrisiscool1011,
account.live.com,https://account.live.com/ResetPassword.aspx,,chrisisalive123,
account.pearlabyss.com,https://account.pearlabyss.com/en-US/Member/Join/Oauth,boooobyiii71@gmail.com,4_BK!YgN5hgD7kR,
account.wbgames.com,https://account.wbgames.com/email,chrisisaiah616@gmail.com,chrisisalive_1011,
accounts.google.com,https://accounts.google.com/,boooobyiii71@gmail.com,imtheG1?,
accounts.google.com,https://accounts.google.com/,chrisishere10117,passwordsaretrash,
accounts.google.com,https://accounts.google.com/,chrisishere10117@gmail.com,Vs!gTDsT-L6g0OP,
accounts.google.com,https://accounts.google.com/,daggerdick@gmail.com,hello,
accounts.google.com,https://accounts.google.com/,theademan101006@gmail.com,3PT16@26,
accounts.nintendo.com,https://accounts.nintendo.com/login,chrisisaiah616@gmail.com,WicwecCaQuavoy4,
accounts.snapchat.com,https://accounts.snapchat.com/accounts/login,Chrisisaiah_120,12345passwordm,
admissions.bgsu.edu,https://admissions.bgsu.edu/account/password,chrisisaiah616@gmail.com,gyLjVZD5?&G_?QY,
admissions.catalyst.uc.edu,https://admissions.catalyst.uc.edu/account/password,chrisisaiah616@gmail.com,zy*zV6myvH@mm3i,
admissions.ohio.edu,https://admissions.ohio.edu/account/password,chrisisaiah616@gmail.com,GRqjF2uiB8#DeFk,
aidungeon.com,android://ITmM8KHcw_4w7oTSTjPqhhNayJMLBrSEfnSGyFwdkmb6BDuaj2He28c2LfpEKEGOqf1wrhkvKCBS03zx-Ct1nw==@com.aidungeon/,chrisisaiah616@gmail.com,chrisiscool1011,
android.groupme.com,android://gweZlek536MgLnjRzkoNzKrmdjEOf3hzzt5WX45mXsorKsataKR7npAUfWahM3dKDFSmxk4poNbfDKQmXu6TaA==@com.groupme.android/,boooobyiii71@gmail.com,chrisisawesome111,
animefreak.ws,https://animefreak.ws/,chrisisaiah616@gmail.com,chrisiscool1012,
animesuge.io,https://animesuge.io/,chrisisaiah,chrisiscool1011,
animesuge.io,https://animesuge.io/user/reset-password,chrisisaiah616@gmail.com,iamhere1011,
animesuge.to,https://animesuge.to/,chrisisaiah616@gmail.com,chrisiscool1012,
animesuge.to,https://animesuge.to/user/reset-password,chrisisaiah616@gmail.com,chrisiscool1012,
animixplay.to,https://animixplay.to/,chrisisaiah616,123456789123456789,
aniwatch.me,https://aniwatch.me/login,,123456789123456,
aniwatchtv.to,https://aniwatchtv.to/home,bafflec71@gmail.com,Iam_turt11,
aniwatchtv.to,https://aniwatchtv.to/home,christopher,Iam_turt11,
aniwave.se,https://aniwave.se/home-anime,chrisisaiah_120,.D@dxp.P4G_Hm.x,
aniwave.to,https://aniwave.to/home,chrisisaiah_120,Chrisisreal123,
aniwave.to,https://aniwave.to/home,chrisisaiah_120 chrisisaiah616@gmail.com ,chrisiscool1011,
aniwave.to,https://aniwave.to/user/profile,,9F!92h5FqMU2SEX,
app.certiport.com,https://app.certiport.com/portal/account-recovery/resetpassword/recover,CBailey120,U+Rr2HV+ieAihQ4,
app.howthemarketworks.com,https://app.howthemarketworks.com/,Cbamerica,bigDogbear11?,
app.howthemarketworks.com,https://app.howthemarketworks.com/login,cb1599!,Iamaninja12?,
app.roll20.net,https://app.roll20.net/create-account,chrisisaiah616@gmail.com,chrisiscool1012,
appleid.apple.com,https://appleid.apple.com/account,Chrisisaiah616@gmail.com,Bobbyisalive10,
appleid.apple.com,https://appleid.apple.com/account,chrisisaiah616@gmail.com,Chrisishere1011,
apply.commonapp.org,https://apply.commonapp.org/login/reset,chrisisaiah616@gmail.com,ZwzK.mz_DrsY:m3,
auth.max.com,https://auth.max.com/login,chrisisaiah616@gmail.com,Bigdogbigbear123,
auth.meta.com,https://auth.meta.com/login,chrisisaiah616@gmail.com ,Chrisishere_1012,
auth.rocketaccount.com,https://auth.rocketaccount.com/,chrisisaiah616@gmail.com,dFcH!6Qq!lXqv6F,
auth.shockbyte.com,https://auth.shockbyte.com/realms/shockbyte/login-actions/required-action,chrisisaiah616@gmail.com,-DP%kKyf8_w2.a.,
bethesda.net,https://bethesda.net/en/mods/skyrim/mod-detail/4278318,chrisisaiah_120,Chrisiscool1012,
billing.apexminecrafthosting.com,https://billing.apexminecrafthosting.com/cart.php,chrisisaiah616@gmail.com,#k/ajiGcQXB^-Y2,
bl.date4you.net,https://bl.date4you.net/landing/dd862,Chris10115to,rVfm9tm3HxZKbBY,
blade-city.com,https://blade-city.com/account/login,chrisisaiah616@gmail.com ,chrisiscool1012,
bloodhunt.com,https://bloodhunt.com/en-us/create-account,chrisisaiah616@gmail.com,chrisiscool1011,
bookstore.cscc.edu,https://bookstore.cscc.edu/login,cbailey81,ChrisBail2206,
buildpaste.net,https://buildpaste.net/,chrisisaiah616@gmail.com,z93!VGpGfga9uFt,
career8.successfactors.com,https://career8.successfactors.com/career,,chrisishere10,
chrome.android.com,android://7fmduHKTdHHrlMvldlEqAIlSfii1tl35bxj1OXN5Ve8c4lU6URVu4xtSHc3BVZxS6WWJnxMDhIfQN0N0K2NDJg==@com.android.chrome/,bafflec71@gmail.com,mynameisrobert1101,
columbusstatecc.radiusbycampusmgmt.com,https://columbusstatecc.radiusbycampusmgmt.com/ssc/aform/C80K4mS70k3Ex6700nB071.ssc,ChristopherIBailey,@ypxW4Kj5qb8tNA,
connect.ubisoft.com,https://connect.ubisoft.com/login,chrisisaiah616@gmail.com,chrisiscool1012,
cotc.elluciancrmrecruit.com,https://cotc.elluciancrmrecruit.com/Apply/Account/Create,chrisisaiah616@gmail.com,Cbailey1207,
dashboard.twitch.tv,https://dashboard.twitch.tv/u/cgamingofficial/monetization/revenue/payout-onboarding,cgamingofficial,Chrisis_here_1012,
dashboard.twitch.tv,https://dashboard.twitch.tv/u/cgamingofficial/settings/channel/about,chrispygames101,Chrisis_here_1012,
discord.com,https://discord.com/reset,,5555655,
dlu.bionicle.zone,https://dlu.bionicle.zone/user/register,_chris9320,Mynameisadamig123,
dubbysponsorship.goaffpro.com,https://dubbysponsorship.goaffpro.com/create-account,chrisisaiah616@gmail.com,ChrispyGaming12?,
earnease.net,https://earnease.net/register,_chris9320,bennyis10,
fmovies.llc,https://fmovies.llc/,bafflec71@gmail.com,appleseed12,
fmoviesz.to,https://fmoviesz.to/home,chrisisaiah616@gmail.com,bigBlackballs11,
forums.thegamesdb.net,https://forums.thegamesdb.net/ucp.php,cgamingofficial,MjhEqm!jwm@XK76,
fruitlabapp.fruitlab.com,android://5mTHN6LUq_Rs2hFZ8QVZVuVl8KLzXpyNF1EtQNzI8QF1Sx8wHgo_Uy4PHsEWSRQxv6TgGeyqVduSrp5PT-xuwA==@com.fruitlab.fruitlabapp/,chrisisaiah616@gmail.com,Chrisishere1012?,
gamerdatingarena.com,https://gamerdatingarena.com/anime,chrisisaiah616@gmail.com,12345678912345,
github.com,https://github.com/login,chrisisaiah616@gmail.com,TqQdey@4@XtGd8w,
google.x.gamesirnsemulator.xiaoji.com,android://57JyonuvzMPv7LQjVbcH_jMd4VNYErEAUJ6DeeUZCIvHyaqEsjoaA-sU-LZlAxy4Z90Ib1mL6xZcnBFOSrZryw==@com.xiaoji.gamesirnsemulator.x.google/,fkkkkdkdjdjcjcjc,fkkkdkd123,
hbonow.hbo.com,android://Ex5R3Ln5inTEQdP1XFXQJIMsrPnNi-JD22boV5LdVRowZ-8e49jZENgAuSHdKZ9Ko6YC68DrdPEUn04zn1REaA==@com.hbo.hbonow/,deanna196774@gmail.com,whitegrammy10,
hbonow.hbo.com,android://Ex5R3Ln5inTEQdP1XFXQJIMsrPnNi-JD22boV5LdVRowZ-8e49jZENgAuSHdKZ9Ko6YC68DrdPEUn04zn1REaA==@com.hbo.hbonow/,theademan101006@gmail.com,Jaybug26,
heelys.com,https://heelys.com/account/register,chrisisaiah616@gmail.com,chrisishere1012,
help.steampowered.com,https://help.steampowered.com/en/wizard/Login,Chris10115to,chrisishere1209,
hianime.to,https://hianime.to/home,Christopher Bailey,Y*A7wpUha7t3CMP,
hianime.to,https://hianime.to/home,chrisisaiah616@gmail.com,Y*A7wpUha7t3CMP,
houseparty.herzick.com,android://URl2B16zd4EndPmcXYns1LUra4HGnD4SHW7frYtgNZL_sU7efkZu-CWscAzOEiNX-ao4VtW__uWTccZWJPKOrg==@com.herzick.houseparty/,Chrisisaiah_120,chrisisaiah,
id.unity.com,https://id.unity.com/en/conversations/b3af5fca-4edb-40f4-ae56-4f973dd74bd6018f,chrisisaiah616@gmail.com,YSha*sav9QSmF&_,
idmsa.apple.com,https://idmsa.apple.com/appleauth/auth/authorize/signin,Chrisisaiah616@gmail.com,Bobbyisalive10,
injustice.goog.wb.com,android://IVsrpefxNDGJDp9zQu_g-Kh0_H2uqbvPXFrG0UwGAq0ZzAj51Lz-FAVBy3mijmpy4s3FxflSkw87C2IGf68cFA==@com.wb.goog.injustice/,boooobyiii71@gmail.com,password123-m,
injustice.goog.wb.com,android://IVsrpefxNDGJDp9zQu_g-Kh0_H2uqbvPXFrG0UwGAq0ZzAj51Lz-FAVBy3mijmpy4s3FxflSkw87C2IGf68cFA==@com.wb.goog.injustice/,chrisisaiah616@gmail.com,password123-m,
launchpad.classlink.com,https://launchpad.classlink.com/,Christopher-Bailey,11151,
linewebtoon.naver.com,android://83j6EDq7mYdkwGVn7MinulZhK4HjNBbyqRAHouGMmq5-FQHQ8KtLL0mTQvgNaArSvyysNREZAgWDuYAU43TOMg==@com.naver.linewebtoon/,chrisisaiah616@gmail.com,mynameischris,
login.kroger.com,https://login.kroger.com/eciamp.onmicrosoft.com/B2C_1A__ciam_signin_signup/api/SelfAsserted/confirmed,,.C26Xm4E2fLV,
login.live.com,https://login.live.com/,chrisisaiah616@gmail.com,chrisisaiah616@gmail.com,
login.live.com,https://login.live.com/oauth20_authorize.srf,boooobyiii71@gmail.com,chrisbob55531,
login.live.com,https://login.live.com/oauth20_authorize.srf,chrisisaiah616@gmail.com,chrisiscool1012,
login.nvgs.nvidia.com,https://login.nvgs.nvidia.com/v1/login,chrisisaiah616@gmail.com,Chrisiscool1012,
login.unity.com,https://login.unity.com/en/sign-in,chrisisaiah616@gmail.com,YSha*sav9QSmF&_,
m.webtoons.com,https://m.webtoons.com/en/member/set/emailVerification,chrisisaiah616@gmail.com,c*<&F52_3Fu%hah,
mangafire.to,https://mangafire.to/home,Chris120,Iamtheknockingone_11,
mangafire.to,https://mangafire.to/user/profile,,6QpyA@wMRVBsPKm,
meijer.wd5.myworkdayjobs.com,https://meijer.wd5.myworkdayjobs.com/Meijer_Stores_Hourly/login/ok,chrisisaiah616@gmail.com,Chrisiscool_1011,
membership.square-enix.com,https://membership.square-enix.com/account/password/edit,,"eVKDHX7tcG$,snX",
mlite.facebook.com,android://zQxb6hXv1MJiC1Yyotdhi8HP-y7fwPcOLwPOWTwWKpP2VXcbsuIiI4iJ1KV0Dz3LzVsUuKJmYCBIUAxnsPB9FA==@com.facebook.mlite/,7403096425,11151,
mobilecard.starbucks.com,android://BxxjjEVnEvqskYybur-ANwgDqK34j3MaTep-5bgNMI5qO3elmjcpDz-JJ2loKDygtFai8w71FvMRRCrBzXJ-Xw==@com.starbucks.mobilecard/,chrisisaiah616@gmail.com,Chrisiscool_1011,
mugenarchive.com,https://mugenarchive.com/forums/register.php,PPlayboy,biggaNiga11,
my.account.sony.com,https://my.account.sony.com/,chrisisaiah616@gmail.com,UUEMXX3ajE2$mYJ,
my.minecraft.net,https://my.minecraft.net/en-us/redeem/minecraft/,chrisisaiah616@gmail.com,Chrisishereig_1011,
my.roku.com,https://my.roku.com/signin,chrisisaiah616@gmail.com,chrisishere1013,
my.roku.com,https://my.roku.com/signup/link/e/o,Bailey ,chrisishere1013,
my.wizardingworld.com,https://my.wizardingworld.com/register/your-account/,chrisisaiah616@gmail.com,123456789123456_tY,
myaccount.google.com,https://myaccount.google.com/,chrisisaiah616@gmail.com,theMan?12,
myaccount.google.com,https://myaccount.google.com/u/3/signinoptions/password,bafflec71@gmail.com,welcomeHere!12,
myapps.paychex.com,https://myapps.paychex.com/,Christopher_Bailey,Chrisishere_1012,
myapps.paychex.com,https://myapps.paychex.com/,chrisisaiah616@gmail.com,Chrisishere_1012,
n86.network-auth.com,https://n86.network-auth.com/,chrisisaiah616@gmail.com,12345678912345,
na.account.amazon.com,https://na.account.amazon.com/ap/signin,bafflec71@gmail.com,=((NVm4U8YJ.3M&,
na.wargaming.net,https://na.wargaming.net/personal/password_reset/,,Chrisishereig1012,
nordaccount.com,https://nordaccount.com/signup/set-password,,xkhtyQ8mhm9gHXt,
okta.kroger.com,https://okta.kroger.com/,cb68063,CBailey2006,
onlyfans.com,https://onlyfans.com/,chrisisaiah616@gmail.com,Chrisiscool1011,
orders.sheetz.com,https://orders.sheetz.com/auth/register,chrisisaiah616@gmail.com,S3hwQdd&9e.@!Mb,
ows01.hireright.com,https://ows01.hireright.com/applicant_center2/mvc_controller,,CBai1011!,
panel.apexminecrafthosting.com,https://panel.apexminecrafthosting.com/site/login,chrisisaiah616@gmail.com,ZQ5H]908bun:kY,
passport.mpsdk.easebar.com,https://passport.mpsdk.easebar.com/account/register,chrisisaiah616@gmail.com,Thekingoftheworld1?,
paychex.itx.net,android://3h8ZHqg5F-a9hgvHnFeW6n8nFvdYHNoJcFltyU4uFlPmi5XMe7uLwQuxkP1JeAHQTLKTt1FT1wvQCIJQYJeCQQ==@net.itx.paychex/,Christopher_Bailey,Chrisiscool_1012,
pilgrimoutpost.techlandgg.com,https://pilgrimoutpost.techlandgg.com/,chrisisaiah616@gmail.com,+Y?y9h!AB_#Bn9E,
play.hbomax.com,https://play.hbomax.com/page/urn:hbo:page:home,Deanna196774@gmail.com,whitegrammy10,
playdauntless.com,https://playdauntless.com/link/,chrisisaiah616@gmail.com,FdLHmr9wKCP26tC,
pocketfm.radio.com,android://fOMg0nByPgbc_gHsi3rb8z7G0gl_bLebT-IVtXFSKwJIPPRnMG-a0gHa07Jzv7LQSdIX2lpeQDHvS8wqS7M8aA==@com.radio.pocketfm/,chrisisaiah616@gmail.com,chrisiscool1012,
readcomiconline.li,https://readcomiconline.li/Register,chrisisaiah_120,CMc3rkpGWrWmFe.,
scalacube.com,https://scalacube.com/cp,chrisisaiah616@gmail.com,iY$Tb?)5)jEg%KJ,
shockbyte.com,https://shockbyte.com/billing/clientarea.php,chrisisaiah616@gmail.com,bfiz*HUm6M6#N?!,
sidequestvr.com,https://sidequestvr.com/reset-password/eyJhbGciOiJIUzI1NiIsInR5cCI6IkpXVCJ9.eyJ1c2Vyc19pZCI6MTM5NTcxNSwidHlwZSI6InBhc3N3b3JkX3Jlc2V0IiwiaWF0IjoxNjkwMTczMjU1LCJleHAiOjE2OTAyNTk2NTV9.8L75z4zeQ4T5qpfOrtLzOpA2myjKsGnERPCMwcOm3Ac,,Chrisishere,
signin.autodesk.com,https://signin.autodesk.com/,Christopher,ChrisBail2206?,
signin.ea.com,https://signin.ea.com/p/web2/resetPassword,,Chrisiscool1012,
signin.rockstargames.com,https://signin.rockstargames.com/signin/user-form,chrisisaiah616@gmail.com,Christhehomie11?,
signup.live.com,https://signup.live.com/,boooobyiii71@gmail.com,chrisbob55531,
snappa.com,https://snappa.com/,chrisisaiah616@gmail.com,f7LcKyX_VbYG&ce,
sso.kroger.com,https://sso.kroger.com/SecureWEB/kswlogin.fcc,cb68063,CBailey2006,
stake.us,https://stake.us/casino/games/flip,Christopher255,a7Rv2@Krr6.$KD8,
steamcommunity.com,https://steamcommunity.com/openid/loginform/,cboy12071,theMythmyself-12,
store.steampowered.com,https://store.steampowered.com/join/completesignup,Chris10115to,chrisishere1209,
store.steampowered.com,https://store.steampowered.com/join/completesignup,Chrisisaiah_120,Chrisiscool_1013,
studentaid.gov,https://studentaid.gov/fsa-id/lost-credentials/new-password,chrisisaiah616@gmail.com,sJX#e3yj2GgsLYM,
surveys.sotg.com,android://R8U4yKDGramoYtz9iK7cNBNJpa-bBvaXPMYTIG0kC4gvXw1ns47qR65eOQUjiB6bZRY2az8GYbmYPtzolV00gg==@com.sotg.surveys/,boooobyiii71@gmail.com,bobbyishere1011,
teach.classdojo.com,https://teach.classdojo.com/,chrisisaiah616@gmail.com,chrisiscool1011,
teaysvalley-oh.finalforms.com,https://teaysvalley-oh.finalforms.com/students/confirm_registration,,chrisb11151,
tubitv.com,android://nNBiIUNXk-QwtPeirtLOZlSJhGsvhWohUb8H_XlzAYdE2jofoJr28ANUWco5h5xxKogyuNNw_zMohIUql7FMpA==@com.tubitv/,chrisisaiah616@gmail.com,chrisiscool1011,
users.nexusmods.com,https://users.nexusmods.com/auth/sign_in,chrisisaiah120,Chrisiscool_1011,
users.wix.com,https://users.wix.com/signin/login,chrisisaiah616@gmail.com,Chrisisupdog11,
web.cscc.edu,https://web.cscc.edu/pwchange/,1541242,L42**6*7AJcZiX_,
web.cscc.edu,https://web.cscc.edu/pwchange/,cbailey81,ChrisBail2206,
web13.secureinternetbank.com,https://web13.secureinternetbank.com/,CBailey,fEH8D7$0pdbmH-P,
web13.secureinternetbank.com,https://web13.secureinternetbank.com/PBI_PBI1151/login/remote/044210403,teresahope31,Jimmyj@2021,
www.amazon.com,https://www.amazon.com/,bafflec71@gmail.com,=((NVm4U8YJ.3M&,
www.amazon.com,https://www.amazon.com/,theademan101006@gmail.com,Jaybug26,
www.bestbuy.com,https://www.bestbuy.com/,chrisisaiah616@gmail.com,chrisiscool_1012,
www.bestbuy.com,https://www.bestbuy.com/identity/signin,,C,
www.chevrolet.com,https://www.chevrolet.com/myaccount/reg/create-account/auth-email,chrisisaiah616@gmail.com,7H?54S$bJiGT!3g,
www.crackle.com,https://www.crackle.com/activate,chrisisaiah616@gmail.com,dmSkg/t&!8/Ux/2,
www.crunchyroll.com,https://www.crunchyroll.com/login,Chrisisaiah616@gmail.com,password123m-,
www.dcuniverseonline.com,https://www.dcuniverseonline.com/register,Chris12006,America123,
www.dubby.gg,https://www.dubby.gg/account/register,chrisisaiah616@gmail.com,ssPKMg3GM8tSMt@,
www.gafutures.org,https://www.gafutures.org/create-account,chrisib2006,ZvitG$qXW*4bg42,
www.graduationsource.com,https://www.graduationsource.com/customer/account/create/,chrisisaiah616@gmail.com,2bU2wvx!eaiaLaL,
www.grammarly.com,https://www.grammarly.com/signin/app/m,chrisisaiah616@gmail.com,chrisiscool1012,
www.instagram.com,https://www.instagram.com/,chrispygames1,ImtheCgoat1,
www.mangago.me,https://www.mangago.me/home/accounts/register/,chrisisaiah616@gmail.com,chrisiscool1012,
www.mediafire.com,https://www.mediafire.com/login/,chrisisaiah616@gmail.com,chrisiscool1012,
www.pandora.com,https://www.pandora.com/account/reset-password,,chrisiscool,
www.partycity.com,https://www.partycity.com/account-login,chrisisaiah616@gmail.com,-%uqz%9AM-7hDWM,
www.patreon.com,https://www.patreon.com/,john,anP5oTR9$6se-Xq,
www.paypal.com,https://www.paypal.com/,,Chrisiscool_1012,
www.paypal.com,https://www.paypal.com/,chrisisaiah616@gmail.com,,
www.paypal.com,https://www.paypal.com/,chrisisaiah616@gmail.com,bobishere11,
www.peacocktv.com,https://www.peacocktv.com/freesignup,bafflec71@gmail.com,bobiscool1012,
www.peacocktv.com,https://www.peacocktv.com/freesignup,chrisisaiah616@gmail.com,chriiscool0000,
www.pinterest.com,https://www.pinterest.com/pw/chrisisaiah616/,,RRfVU/PQaP.S8C.,
www.pixilart.com,https://www.pixilart.com/application/6pX8YTmylXI8Jki8Pln7aOnwdw2QFp,Luffytaroi,x%.GtyS-@W4P4+k,
www.pixilart.com,https://www.pixilart.com/application/6pX8YTmylXI8Jki8Pln7aOnwdw2QFp,Luffytaroismeon,x%.GtyS-@W4P4+k,
www.pixilart.com,https://www.pixilart.com/application/6pX8YTmylXI8Jki8Pln7aOnwdw2QFp,Luffytaroisthe,x%.GtyS-@W4P4+k,
www.pixilart.com,https://www.pixilart.com/application/6pX8YTmylXI8Jki8Pln7aOnwdw2QFp,Luffytaroisthekingof,x%.GtyS-@W4P4+k,
www.reddit.com,https://www.reddit.com/passwordrecovery/,ytman366@gmail.com,6C#!.@b^T7$dLBW,
www.reddit.com,https://www.reddit.com/settings/,AreYouTheorious,m(9xaPeGp*=TqLq,
www.reddit.com,https://www.reddit.com/settings/,BossSlow6259,6C#!.@b^T7$dLBW,
www.remind.com,https://www.remind.com/,chrisisaiah616@gmail.com,O2Kq-dOx35iyJrU,
www.roblox.com,https://www.roblox.com/,chrish_161,12345678910,
www.roblox.com,https://www.roblox.com/,chrisssbob ,imThegoat1207,
www.roblox.com,https://www.roblox.com/login,chrisssbob,chrisishere20206,
www.twitch.tv,https://www.twitch.tv/joe_bartolozzi,cgamingofficial,Chrisis_here_1012,
www.unknowncheats.me,https://www.unknowncheats.me/forum/register.php,hellojoHnson,EYqyfCq3s3P3ZW/,
www.wpcuonline.net,https://www.wpcuonline.net/,ChrisBailey12,ntg0swBaw$3L8RC,
x.com,https://x.com/,ChrisBaile5585,**Xtbd4J3zY5a(),
x.com,https://x.com/,of_john43788,passWord321,
x.com,https://x.com/i/flow/signup,cgaming781,**Xtbd4J3zY5a(),
zapier.com,https://zapier.com/sign-up,chrisisaiah616@gmail.com,DHFx&&W2sZNf$Bf,
